{"createdAt": "2017-11-16T14:07:13.272Z", "hyperlinks": "[object Object]", "id": "AV_FJ695yCdS-nWhujRC", "reference": "LINE", "tags": [2, 16], "text": "全國家長逐漸覺醒，愈來愈多的公職官員敢為民喉舌，近來，已有一、兩例的「提點子」，不再是官話敷衍，而是真正有了改變！\n\n「性別平等教育法第三章」條文，內容荒腔走板，把校園教育弄成獨尊性平(4小時)，造成無限上綱，有如尚方寶劍，砍掉了品格教育(0小時)，取而代之是「不適齡」的性平教育，從此，拚經濟的家長被迫加入抗爭救小孩活動…\n\n相信您也從各媒體知悉，大學許多社團，各種變調的迎新活動，諸如脫褲、吸乳頭、互吞口水等，再加上以「娛樂性用藥」美化毒品，您辛苦拉拔培養的孩子，一旦誤入社團，從此萬劫不復…亂源來自何處？請看性平法第三章條文：「大學廣設性別研究社團」，許多這樣的社團，最後被誤導為研究「性愛」與「娛樂性用藥」！\n\n惡法不改，台灣孩子及家長自己，沒有未來！\n\n讓我們再次挺身而出，並期盼官員再度為民喉舌！ \n\n有心人如此努力，身為孩子的父母，我永不放棄！\n家長聯盟呼籲，請廣傳並附議\n「建議刪除性別平等教育法第三章條文內容」之提案（至少部分刪除，還點時間給品格），僅剩二天！距離目標人數缺3000人！\n\nhttp://join.gov.tw/idea/detail/b43217a9-768c-4bc2-bc42-c50fc3bc8e25", "url": "https://cofacts.g0v.tw/article/AV_FJ695yCdS-nWhujRC"}