{"createdAt": "2018-09-27T02:53:38.553Z", "hyperlinks": "", "id": "6kbixj5c1rex", "reference": "LINE", "tags": [7], "text": "【請高雄市教育局即刻通知各級學校今天體育課一律暫停】\n昨晚8:50岡山發生大火，總共出動三十台消防車救火，今天凌晨4：40火勢獲控制、尚未完全撲滅。起火的「勗宏公司」張姓負責人說，廠內有1、2千噸塑膠模和資源回收物，裡面還有4桶約800公升柴油。\n塑膠燃燒產生「戴奧辛」為世紀之毒，是世界衛生組織公布的「第一級致癌物」，昨晚的岡山大火1、2千噸塑膠模燃燒八小時會產生多少戴奧辛﹖\n真心奉勸高雄的朋友今天沒事不要外出，不得已外出也一定要戴口罩(只有N95可以有效阻隔)。學校老師請不要上體育課及任何戶外課程。", "url": "https://cofacts.g0v.tw/article/6kbixj5c1rex"}