{"createdAt": "2018-12-16T09:20:38.341Z", "hyperlinks": "", "id": "2gy5y4sbl6hxg", "reference": "LINE", "tags": [13], "text": " 🔔叮叮噹 叮叮噹🔔\n🎅🏻聖誕勞公公帶來聖誕好禮🔮\n          為您精挑細選\n⌚️勞力士日誌型腕錶⌚️\n👍🏻萬年不敗的經典造型👍🏻\n👑令人無可抗拒的皇冠Logo👑\n         一生一定要擁有\n 今年昇恆昌邀請您一起當個\n🎅🏻聖誕勞公公  聖誕勞婆婆🤶🏻\n歡迎光臨内湖旗艦店3樓勞力士專門店\n\n\n", "url": "https://cofacts.g0v.tw/article/2gy5y4sbl6hxg"}