{"createdAt": "2018-12-21T11:05:43.516Z", "hyperlinks": "", "id": "2nf3ngousko6j", "reference": "LINE", "tags": [5], "text": "【請讓我借大家的手宣傳一件很重要的事情-只要肉品就不要帶入境，就算罐頭也一樣！】\n\n因為農委會防檢局檢疫組長彭明興一番話「罐頭可以」\n所以18號晚上就開始陸續傳出媒體打上「入境各種肉製食品不能帶入境，除了罐頭食品以外」\n\n然後今天就開始撲天蓋地的報導「罐頭可以帶」的消息\n\n我看到這則新聞真的從頭冷到腳\n\n我大學是海大食品科學系\n所以本校最常玩的就是「封罐傳情」\n連糖果都能夠封罐來去當做傳情禮物的情況下\n\n「封罐」是很容易的事情\n\n1.假設「罐頭」食品是可以入境\n有心人士就改成把一些肉製品真空包裝之後「封罐」讓人帶入呢？\n2.或者是中國的封罐殺菌不完全呢？？\n\n真的非常非常非常的可怕！根本災難！\n\n不管檢疫局那個彭組長講了什麼「罐頭食品可以」\n\n只要是肉品就是「不要帶入境」\n\n拜託拜託\n分享了這篇文的朋友們\n再發揮一下網路力量\n\n『罐頭也不要也不行帶入境』", "url": "https://cofacts.g0v.tw/article/2nf3ngousko6j"}