{"createdAt": "2018-12-25T02:25:09.778Z", "hyperlinks": "", "id": "2t0drcl3wkkm3", "reference": "LINE", "tags": [11], "text": "隨著”速食生活”來臨，微波爐可說是現代人加熱食物的最佳幫手，然而…網路上總是有著各種微波有毒的可怕流言，讓人困擾不已…\n\n\n\n首先，有位網友指出，他曾用微波爐把水煮開放冷來養魚，結果活蹦亂跳的魚兒，不出三天就一命嗚呼。可見微波過的水，絕對有問題。 \n\n\n\n而恐怖的流言還不祇這樣，早在2006年網路上，就流傳著一個來自國外的實驗：有人分別用微波爐及瓦斯爐把自來水加熱再冷卻後，每天澆在兩盆相同的植物上。如此一連九天，使用瓦斯爐煮水的植物，依然欣欣向榮、綠意盎然，而澆微波水的植物，卻已嚴重枯萎、慘不忍賭。\n\n\n\n但無獨有爾的，另一新聞媒體也曾針對此一流言進行實驗，結果卻完全相反。他們使用微波水澆了植物九天，植物依然健康茁壯，與另一組澆瓦斯爐煮水的植物不相上下，這...似乎又推翻了外國網友的實驗結果。", "url": "https://cofacts.g0v.tw/article/2t0drcl3wkkm3"}