{"createdAt": "2018-12-30T21:00:48.035Z", "hyperlinks": "", "id": "hy48tbbexjwh", "reference": "LINE", "tags": [15], "text": "最新消息:8位國民党高官<党職併公職>溢領退休金兩千多萬元，確定遭强制追缴，銓敘部日前巳將前副總统連戰，前台中市長胡志强、前考試院長關中及前監察院長陳履安等人，函送法務部行政執行署進行催討。據鏡週刊調查，台北分署已立案處理，日前正式寄出催缴通知書，一旦拒缴，執行署可祭出查扣財產等手段，最惨的是不排除管收的可能。", "url": "https://cofacts.g0v.tw/article/hy48tbbexjwh"}