{"createdAt": "2017-01-13T05:47:00.000Z", "hyperlinks": "[object Object],[object Object]", "id": "5494850907724-rumor", "reference": "LINE", "tags": [3], "text": "(這一碗只要一塊錢， 馬上治好你的連夜咳！醫生都在悄悄用，便宜又好用！)【快來看】│這篇文不錯分享給你看│ →    http://ezvivi.com/article/229774.asp     (這一碗只要一塊錢， 馬上治好你的連夜咳！醫生都在悄悄用，便宜又好用！)  好友分享LOVE分享→ http://goo.gl/mKq5t0", "url": "https://cofacts.g0v.tw/article/5494850907724-rumor"}