{"createdAt": "2018-05-06T12:21:44.697Z", "hyperlinks": "[object Object]", "id": "2zql8me516bgo", "reference": "LINE", "tags": [14], "text": "慈悲好友早安\n\n網址是小弟 ( 法太極 ) 隔空打入 隔空教學  !\n\n朋友問 按照小弟攝影所說 可以幫助自己跟家人什麼  ?\n\n第一 法太極 的能量取自 太陽 空氣 水  !\n\n除了早晚用手掌 ( 吸 照 陽光 ) 以外 隨時雙掌 ( 鼻子吸 嘴巴吐氣 ) 練習 ( 聚氣 )  !\n\n早 晚 睡前 如小弟攝影所做 ( 打三次 ) 可以讓自己的 五臟六腑 ( 充滿真氣 )  !\n\n如果有長期臥病在床的親人家人\n\n拿小弟的影片 要他雙掌跟小弟影片所說的做\n\n然後 ( 日夜 隨時 真心大懺悔 ) 此說\n\n我 *** 對世代被我傷害過的眾生 對不起 對不起 一直說 對不起\n\n然後在床上 ( 吐納 吸吐 運氣 ) 然後 ( 一直打 法太極 )  !\n\n小弟敢言你會看到 ( 意想不到的 奇蹟 )  !\n\n法太極 還可以隨時知道 住宅 寺廟宮殿 ( 磁場 ) 是否被破壞\n\n這方面小弟文章 找時間補充 早安愉快\n\nhttps://m.facebook.com/story.php?story_fbid=1691675334231482&id=100001670964075", "url": "https://cofacts.g0v.tw/article/2zql8me516bgo"}