{"createdAt": "2018-05-09T01:17:10.783Z", "hyperlinks": "[object Object],[object Object],[object Object]", "id": "2nxpi02lkht6s", "reference": "LINE", "tags": [13], "text": "擁有許多漂亮小褲褲的胖胖褲豬，換上黃金內褲後發現牠充滿了能量！(moon grin)\n快來用胖胖褲豬表情貼，神秘力量也給你滿滿活力～！\nhttps://lin.ee/ehP8lEF\n\n(2 stars)<媽咪我愛你 母親節活動>\n今天的牛排券你抽了嗎？\n活動到5/13為止，快來看看媽咪適合什麼貼圖(3 hearts)\n(購買今日上架的好人信與茶包妹也可以抽獎唷)\n(rose stalk)貼圖傳送門：https://lin.ee/fTIN4tm\n(rose stalk)活動詳情：https://lin.ee/gPguhHy", "url": "https://cofacts.g0v.tw/article/2nxpi02lkht6s"}