{"createdAt": "2018-06-02T11:41:50.755Z", "hyperlinks": "[object Object]", "id": "2b9tgfcd1l3uc", "reference": "LINE", "tags": [15], "text": "她真的幹了！\n\n以下是蔡英文強暴民主，的影片，被會場人員私錄流出 ，由動新聞傳播。\n\n請大家儘量的轉發出去，一傳十，十傳百，可以讓所有人都知道蔡英文真正的可惡之處。\n\n影片內容，蔡英文要擴權需要由總統提名大法官，司改會不同意，蔡英文就親自到場監督司改會投票\n\n投票結果，司改成員大幅反對，蔡英文非常生氣，強迫在場人員一再投票，必須投到大部分人贊成，讓牠滿意為止。\n\n這就是現在臺灣蔡英文及民進黨式的民主。\n\n公然囂張踐蹋民主的行為連當年的陳水扁、李登輝都不敢幹。故任何要求釋憲的案子均無法力挽狂瀾，包括年金釋憲在內，因司法院已一片綠油油，上自院長下至解釋憲法的大法官，都是空心菜任命，孰敢弗逆仗義執言？\n\nhttp://www.youtube.com/watch?v=RKW8B0yVymI", "url": "https://cofacts.g0v.tw/article/2b9tgfcd1l3uc"}