{"createdAt": "2017-10-26T22:03:38.422Z", "hyperlinks": "[object Object],[object Object]", "id": "AV9atlA4yCdS-nWhuiID", "reference": "LINE", "tags": [14], "text": " 🎥 推薦影片\n同性戀可後天形成且可改變（已經男同性戀和心理學家證實）\nhttp://pics.ee/v-569550\n\n同性戀真的是先天形成的嗎？儘管同運掌握媒體，一面倒地告訴你同性戀先天形成不可更改，但有心理學家實證發現同性戀也有可能後天環境養成，且可透過治療和輔導的方式幫助男同性戀者燃起對異性的性趣。\n\n在這部影片中，邀請男同性戀現身說法，讓你知道即使是從小就認為自己是同性戀的人，也能在一定的幫助下，恢復對於異性的渴望，重拾身為男性的自信。\n\n🌹 更多最新消息請看幸福盟臉書粉絲頁\nhttps://www.facebook.com/Hope", "url": "https://cofacts.g0v.tw/article/AV9atlA4yCdS-nWhuiID"}