{"createdAt": "2017-01-13T07:40:00.000Z", "hyperlinks": "[object Object]", "id": "5495250262700-rumor", "reference": "LINE", "tags": [1], "text": "【你所不知道的愛滋真相】\n\n之前在網路上不斷以錯誤愛滋知識來扭曲同性婚姻的訊息，台灣同志諮詢熱線協會與愛滋感染者權益促進會合作產出了懶人包，大家可以參考看看喔：\n\nhttps://www.facebook.com/media/set/?set=a.10154495405834263.1073741853.283023849262&type=3", "url": "https://cofacts.g0v.tw/article/5495250262700-rumor"}