{"createdAt": "2018-03-25T11:30:48.148Z", "hyperlinks": "[object Object]", "id": "67zdf0gmrym5", "reference": "LINE", "tags": [3], "text": "我上年代電視台錄影----談足底筋膜炎根治法\n3/25 (日) 年代新聞50台 今天晚間20:00  全球首播\nhttps://www.facebook.com/eratvfocus2/videos/376326942835555/\n【醫師 徐上德、藝人 張正藍、醫師 江坤俊】\n●「電震針」是啥？!徐上德醫師靠「電震針」幫病患鬆解深層筋膜，頑固多年的足底筋膜炎也可以治癒！\n●70歲婦人換了人工膝關節後又痛，電震針也能緩解！\n首播 3/25 20:00\n重播 3/25 24:00\n重播 3/26 04:00 \n重播 3/31 09:00", "url": "https://cofacts.g0v.tw/article/67zdf0gmrym5"}