{"createdAt": "2017-12-11T18:21:15.634Z", "hyperlinks": "[object Object],[object Object],[object Object]", "id": "AWBGzz_0yCdS-nWhukyF", "reference": "LINE", "tags": [13, 15], "text": "再槓黃國昌！毛嘉慶：被罷免方可以巧立名目募款嗎？ | 政治 | 要聞 | 聯合新聞網:https://udn.com/news/story/6656/2869089\n…………………………………………\n🇹🇼 平反年改 唯有來希🇹🇼\n年改突圍，只有來希團隊，立即報名入團。\nhttps://goo.gl/forms/3lPWNrojnre4Vgit1\n🇹🇼 團結力量 平反權益🇹🇼️\n加入3萬LINE群組：\nhttps://line.me/R/ti/p/%40roc.ncsa\n如已加入，請夥伴們大力廣傳分享。", "url": "https://cofacts.g0v.tw/article/AWBGzz_0yCdS-nWhukyF"}