{"createdAt": "2018-01-12T01:46:11.374Z", "hyperlinks": "[object Object]", "id": "AWDoC7wwyCdS-nWhumyK", "reference": "LINE", "tags": [10, 13], "text": "亞洲最大！800坪「蔬菜科博館」\n連30天預約免費入園\n\n源鮮智慧農場\n地址: 桃園市蘆竹區中正北路1658號\n電話: 03-2229755\n2018/1/10(三) ~ 2018/2/11(日) \n試營運期間預約，即享免費入園參觀\nhttps://travel.ettoday.net/article/1075826.htm", "url": "https://cofacts.g0v.tw/article/AWDoC7wwyCdS-nWhumyK"}