{"createdAt": "2018-05-01T05:25:12.435Z", "hyperlinks": "", "id": "1j2nw5hoeu7sa", "reference": "LINE", "tags": [9], "text": "NCC已廢止安博盒子的標籤號碼CCAH16LP3780T9，呼籲外界不要再買，賣家也別再販賣。\n\n違法機上盒衝擊有缐電視及衛星電視產業生存與發展。而標榜「免註冊」、「免繳錢」、「海量電影」的安博盒子日前被NCC廢止審驗證明。\n\nNCC表示，三麗科技開發販賣的電信管制射頻器材（多媒體機上盒），廠牌為安博盒子U BOX，其中，型號是S900 ProBT（CCAH16LP3780T9），因變更射頻性能且經查證屬實，去年12月1日已廢止審驗證明。\n\nNCC表示，依電信法第49條第3項規定，違反該規定者，將依同法第65條第1項第10款規定，處新臺幣10萬元以上、50萬元以下罰鍰。\n\n去年，NCC也裁罰宏逸科技資訊公司販賣未經型式認證，但審驗合格的無線網路電視機上盒，開罰新臺幣14萬元。", "url": "https://cofacts.g0v.tw/article/1j2nw5hoeu7sa"}