{"createdAt": "2017-01-18T14:10:00.000Z", "hyperlinks": "[object Object],[object Object]", "id": "5520867748700-rumor", "reference": "LINE", "tags": [8], "text": "重要常識：身份証遺失\n花3分鐘，保護自己的權益。 \n\n※身份証遺失時→法令修改了!\n※請儘轉傳閱出去，事關大家權益。\n※不讓歹徒有機可趁。\n\n身份証遺失時，請千萬記得：\n  (1)向警察局備案遺失  →錯誤示範\n  (2)開立遺失三聯單  →錯誤示範\n  (3)向金融聯合徵信中心登錄遺失記錄  →錯誤示範\n\n正確做法：應馬上準備\n   1.二月內大頭照，二吋黑白彩色均可。\n   2.規費 200元 \n   3.帶印章及戶口名簿正本\n   4.『親自』前往戶籍所在地戶政事務所辦理身份證領 / 補 /  發手續\n\n大約5-10 分鐘金資中心也馬上與戶政機關電腦記錄取得連線(http://www.ris.gov.tw/)  ，日後身分文件以最後一次「身份證 領 /補 / 換發日」為主可上網查詢 http://www.ris.gov.tw/docs/uping.html\n 如此歹徒就無法藉著銀行體系，利用你的身分證辦理新開戶或信用卡或貸款之類 ...至於其他的麻煩，則可由戶政事務所的「身份證領/ 補/ 換發申請書 」來證明舊有( 原 ) 身分證已遺失作廢。\n                                 另外如果在[非上班時間]遺失身分證，可撥打內政部掛失國民身分證\n\n專線02- 8912 7524", "url": "https://cofacts.g0v.tw/article/5520867748700-rumor"}