{"createdAt": "2019-01-01T02:10:45.998Z", "hyperlinks": "", "id": "2gt1p61eazxpq", "reference": "LINE", "tags": [8], "text": "轉載:\n越南人來臺機票8200元，蔡政府補助5000元，他們來臺打工或賣淫兩星期，回越南後可以再度來臺，蔡政府也再度補助，讓他們一再來臺撈錢！這次152名想長期在臺撈錢的越南人就跳機潛逃。\n蔡政府為什麼要用我們的納稅錢去補助外國人來臺撈錢？不會造成國安治安問題嗎？", "url": "https://cofacts.g0v.tw/article/2gt1p61eazxpq"}