{"createdAt": "2018-11-13T12:51:56.275Z", "hyperlinks": "", "id": "l3umuw7c00x2", "reference": "LINE", "tags": [15], "text": "台北建國中學對面的國立歷史博物館，去年也是公告要整修內部的裝潢，閉館一年後，變成台灣文化館，原來珍藏的張大千作品、珍貴的歷史文物全部不見了，也不知去向，被「這個菜淫蚊蒸腐」假借閉館整修，來個乾坤大挪移、盜走、巧取豪奪，「這個腐敗貪婪集團」口口聲聲說愛「呆丸」，幹的都是毀滅台灣、中飽私囊肥己下三濫勾當。故宮博物院「這個陳其南」前科累累，有學無品，十足是個「下三濫的爛人」。2019年底閉館三年整修，正是總統與立法委員改選，要搶救故宮博物院文物、搶救中中華文化、搶救中華民國，有點良知的公民一定徹底覺醒。", "url": "https://cofacts.g0v.tw/article/l3umuw7c00x2"}