{"createdAt": "2019-01-09T17:02:09.587Z", "hyperlinks": "", "id": "24wk4d4a3uwtk", "reference": "LINE", "tags": [8], "text": "那些愛傳假新聞替蔡政府辯護的文青和覺青\n\n可以不要再說什麼四百億紅包都是財團，有錢人和投資客被收的稅了嗎？\n\n財政部已經出來啪啪啪啪的打你臉啦，綜所稅有七成都是來自薪資，收的就是你的薪水啊。\n\n大腦是個好東西，轉文前用大腦，可以避免成為萬惡假新聞幫兇被蔡英文罵唷！\n\n【不過，究竟400億「大紅包」的超徵稅收從何而來？主要還是以「企業營所稅」和「個人綜所稅」為兩大來源。財政部統計處長蔡美娜表示，2014年至2017年稅收超徵累計金額已達5204億元，若再加計2018年稅收將連續5年超徵。並且，若以稅收細目來看，蔡美娜說，2014年稅收超徵1088億元，主要是營業稅及綜所稅增加所致，而其中的營業稅是因銀行保險業營業稅調高；2015年稅收超徵1878億元，增加較多的稅目是綜所稅及營所稅。\n\n 至於2016年稅收更超徵1278億元，而增加較多的稅目除了營所稅、綜所稅以外，就以公告地價調漲使得地價稅增加，還有贈與稅增加，主要都是因應稅率可能要調整，有些提前規畫動作已出現。另外，2017年稅收也超徵960億元，同樣也是受到贈與稅及營所稅超徵的影響。】", "url": "https://cofacts.g0v.tw/article/24wk4d4a3uwtk"}