{"createdAt": "2019-01-23T13:07:33.552Z", "hyperlinks": "", "id": "11k0ahn0cz96r", "reference": "LINE", "tags": [15], "text": "1991年04月11日，民進黨立委張俊雄往梁肅戎呼了一巴掌。\n1993年04月11日，民進黨立委張川田往邱創煥呼了一巴掌。\n2008年10月22日，民進黨立委管碧玲往洪秀柱呼了一巴掌。\n2009年04月22日，民進黨立委邱議瑩往李慶華呼了一巴掌。\n\n當鄭麗君被呼了一巴掌，民進黨全黨上下突然說要譴責暴力。\n\n民進黨邏輯：我打你是民主，你打我是暴力。", "url": "https://cofacts.g0v.tw/article/11k0ahn0cz96r"}