{"createdAt": "2018-09-03T16:36:02.782Z", "hyperlinks": "", "id": "1xv2aneyqfqqa", "reference": "LINE,LINE,LINE", "tags": [8], "text": "台南一名女大生年初騎機車撞上一位闖紅燈的阿婆，調解時阿婆兒子要求她支付賠償金36萬元，雖監視器清楚拍到阿婆闖紅燈，但兒子仍強硬表示「就算我媽媽闖紅燈，也不代表你們可以撞她」。\n\n問題出在筆錄：\n看到阿婆在人行道，我稍減速之後，阿婆突然衝出來，我煞車不及，導致撞上。\n\n看到，就有肇事責任。\n\n正確回答 ：\n我完全沒有看到人，她突然就闖紅燈跑出來，非常突然的情況下，就撞上去，非我能預防之事。\n\n完全沒有看到，才能避免應注意未注意之事項。\n\n面對恐龍法律.說話也要法律一點....大家還是要自保\n\n#闖紅燈 #行人 #道路安全 #帝王條款", "url": "https://cofacts.g0v.tw/article/1xv2aneyqfqqa"}