{"createdAt": "2017-05-15T02:20:54.032Z", "hyperlinks": "[object Object],[object Object],[object Object],[object Object],[object Object],[object Object]", "id": "AVwJ6IuRyCdS-nWhuY3a", "reference": "LINE", "tags": [3], "text": "如下是劉有志醫師的整理資料\n\n豬哥亮於今天上午因為大腸癌病逝。我們將大腸癌資訊做了整理，方便您閱讀、分享，幫助更多人了解大腸癌。\n\n(3 hearts)發生率第一名的癌症–大腸直腸癌（懶人包）\nhttps://www.careonline.com.tw/2017/04/coloncancer.html\n\n(rose)大腸癌的真面目（真實照片，慎入）\nhttps://www.careonline.com.tw/2017/02/colonca.html\n\n(2 stars)多久做一次大腸鏡，才算剛剛好？\nhttps://www.careonline.com.tw/2017/05/colonoscopy.html\n\n(!?)糞便潛血檢查陽性，重做一次行不行？\nhttps://www.careonline.com.tw/2017/05/FOB.html\n\n(hospital)「照護地圖快搜」找醫生，超級方便！\nhttps://www.careonline.com.tw/p/map.html\n\n(rose stalk)超過52萬人肯定的照護線上！\nhttps://line.me/R/ti/p/%40vkt5304z", "url": "https://cofacts.g0v.tw/article/AVwJ6IuRyCdS-nWhuY3a"}