{"createdAt": "2018-11-09T09:15:36.652Z", "hyperlinks": "", "id": "n1btoqhcivwi", "reference": "LINE", "tags": [8], "text": "台中市花博優待各縣市有1週半價：\n桃園市民\n12/10~12/14\n台北市民\n2/18~2/22可半價175\n新北市民\n1/14~1/18可半價175\n新竹縣市\n3/25~3/29可半價175\n高雄市民\n12/24~12/28可半價175\n屏東縣民\n1/7~1/11\n苗栗縣民\n3/18~3/22\n可找1天平常日半價來看台中花博，帶證件現場買票就可以", "url": "https://cofacts.g0v.tw/article/n1btoqhcivwi"}