{"createdAt": "2019-05-18T03:38:07.875Z", "hyperlinks": "", "id": "ydhqw149cfy1", "reference": "LINE", "tags": [3], "text": "日前台湾平鎮市六和高中的学生用免洗筷泡过的水拿來饲养黑壳虾， 結果二小时虾子抽搐、一天內死亡、五天后腐烂！学生用此項实验參加科展拿到㐧三名。学生们表示，免洗筷最毒！ 即便用热水烫过，也名列㐧二毒。其中找出最毒日常用品这項最受矚目，因为和大家生活息息相关。 指导老师与学生透过实验发现，最毒日常用品前三名依序是： 1、免洗筷、 2、烫过的免洗筷、 3、自助餐店裝汤外帶的半透明塑胶袋。 学生们再用热水烫过免洗筷，丟掉烫过的水後再重新浸泡，也有前述重複十次浸泡冷卻后，拿來养五隻黑壳虾，結果是㐧二天才死去；顯然免洗筷烫过后还是很毒！ 毒性名列㐧三名的是半透明塑胶袋，裝汤後溶解出來的是双酚A、可塑剤，实验㐧三天，五隻虾就全死光了。 💥 筷子 & 淋巴腺瘤 ( 外食的尤其要注意 ) 笔者一位同事突然听说得口腔癌，約一年就去了！他不抽煙、不吃檳榔，时常过午才看他吃饭，饭后习惯嘴巴叼著一根牙簽，久久含著沒吐掉！ 后来口腔內破皮溃烂不会好，去找牙医，医生说没关系擦些药膏吃点药就好！一星期沒好，再过一星期后还沒好；医生复诊才发現不对！要到高医做检查；结果已經是癌末！动了兩次刀、化療等等 ⋯，結果还是來不及，走了！ 💥 所大家切記，生活中很多的无形殺手 … 強烈建议：随身携带一双环保筷，既经济又环保。记得勿再使用 \" 免洗衛生筷 \" 了！ ", "url": "https://cofacts.g0v.tw/article/ydhqw149cfy1"}