{"createdAt": "2019-05-19T12:02:03.418Z", "hyperlinks": "", "id": "5wshjku0bjsp", "reference": "LINE", "tags": [3, 15], "text": "這就是我們台灣人選出來的離譜執政者，作出來的毒《讀》物!\n《「殘害、誤導」年輕世代！》\n\n這個一定要看！\n而且要轉出去！\n讓大家都知道政府到底在幹什麼！\n\n「培育、養成」吸毒同志！\n竟然教學生要少量吸毒後再轟趴，不要吸太多\n\n這是什麼政府？", "url": "https://cofacts.g0v.tw/article/5wshjku0bjsp"}