{"createdAt": "2019-05-15T02:35:55.181Z", "hyperlinks": "", "id": "1qmigzengd0x", "reference": "LINE", "tags": [3], "text": "看看泰国是怎样治疗腰椎间盘突出的。就像是铁匠铺，生意很红火啊！叮叮当当地，一派热火朝天的繁忙景象。😂所以说腰椎间盘突岀根本就不是什么医学问题，而只是一个简单的机械故障。哈哈长见识了！看后你能分得清这些工作人员是铁匠还是医生吗？", "url": "https://cofacts.g0v.tw/article/1qmigzengd0x"}