{"createdAt": "2019-02-12T07:49:59.684Z", "hyperlinks": "", "id": "3j4n5ekoofvea", "reference": "LINE", "tags": [11], "text": "欣賞\n\n第一次參加家長會，幼稚園的老師說：「你的兒子有過動症，在板凳上連三分鐘都座不了，你最好帶他去醫院看一看。」\n\n回家的路上，兒子問她老師都說了些什麼，她鼻子一酸，差點流下淚來。\n\n因為全班30位小朋友，惟有他表現最差；\n\n惟有對他，老師表現出不耐煩。\n\n然而她還是告訴她的兒子：「老師表揚你了，說寶寶原來在板凳上坐不了一分鐘，現在能坐三分鐘了，其他的媽媽都非常羨慕我喔，因為全班只有寶寶進步了。」\n\n那天晚上，她兒子破天荒吃了兩碗飯，並且沒讓她餵。\n\n兒子上小學了。\n\n家長會上，老師說：「全班50名同學，這次數學考試，你兒子排第48名，我們懷疑他智力上有些障礙，您最好能帶他去醫院查一查。」\n\n回去的路上，她流下了淚。然而，當她回到家裡，卻對坐在桌前的兒子說：「老師對你充滿信心。他說了，你並不是個笨孩子，只要能細心些，會超過你隔壁的同學，這次你的同學排在21名。」\n\n說這話時，她發現，兒子黯淡的眼神一下子充滿了光，沮喪的臉也一下子舒展開來。\n\n她甚至發現，兒子溫順得讓她吃驚，好像長大了許多。\n\n第二天上學時，去得比平時都要早。\n\n孩子上了初中，又一次家長會。\n\n她坐在兒子的座位上，等著老師點她兒子的名字，因為每次家長會，她兒子的名字在問題學生的行列中總是被點到。\n\n然而，這次卻出乎她的預料，直到結束，都沒聽到老師提兒子的名字。\n\n她有些不習慣。\n\n臨走前，去和老師請教，老師告訴她：「依照你兒子目前的成績，考公立高中有點危險。」\n\n她懷著驚喜的心情走出校門，此時她發現兒子在等她。\n\n路上她扶著兒子的肩，心裡有一種說不出的甜蜜，她告訴兒子：「老師對你非常滿意，他說了，只要你努力，很有希望考上公立高中。」\n\n高中畢業了。\n\n大學錄取通知放榜時，學校打電話請她兒子到學校去一趟。\n\n她有一種預感，她兒子被清華大學錄取了，\n\n因為在報考時，她給兒子說過，她相信他能考取這所學校。\n\n他兒子從學校回來，把一封印有清華大學四個大字的牛皮紙袋交到她的手，突然轉身跑到自己的房間裡大哭起來。\n\n邊哭邊說：「媽媽，我知道我不是個聰明的孩子，可是，這個世界上只有你能欣賞我……」\n\n這時，她悲喜交加，再也按捺不住十幾年來凝聚在心中的淚水，任它打在手中的信封上。\n\n一句鼓勵的話，可改變一個人的觀念與行為，甚至改變一個人的命運！\n\n一句負面的話，可刺傷一個人的心靈與身體，甚至毀滅一個人的未來！\n\n不單單是對我們的孩子，而是對我們生命中碰到的每一個人，要常常說安慰，造就，勸勉的好話～！\n\n\n不要在言語上傷害別人，只要說幫助人、造就人的話，使聽見的人得益處。", "url": "https://cofacts.g0v.tw/article/3j4n5ekoofvea"}