{"createdAt": "2017-07-27T14:01:44.527Z", "hyperlinks": "", "id": "AV2EWmtRyCdS-nWhudI3", "reference": "LINE", "tags": [11], "text": "👇👇以下這段視頻令人嘆為觀止！上海40.9度，破歷史最高紀錄！一隻麻雀中暑了，另一隻急得一邊心臟按摩，一邊掐鳥中，一邊鳥工呼吸。終於成功救活了中暑的同伴。\n難得一見，真是感人。\n我們身為人類，有時也自嘆不如。", "url": "https://cofacts.g0v.tw/article/AV2EWmtRyCdS-nWhudI3"}