{"createdAt": "2017-05-07T12:53:04.837Z", "hyperlinks": "", "id": "AVvi-HLGyCdS-nWhuYgz", "reference": "LINE", "tags": [11], "text": "早安朋友\n(cupcake)100多年前的某天下午，在英國一個鄉村的田野裡，一位貧困的農民正在勞 作。忽然，他聽到遠處傳來了呼救的聲音，原來，一名少年不幸落水了。\n\n農民不假思索，奮不顧身地跳入水中救人。孩子得救了。\n後來，大家才知道，這個獲救的孩子是一個貴族公子。\n\n幾天後，老貴族親自帶著禮物登門感謝，農民卻拒絕了這份厚禮。 \n\n在他看來，當時救人只是出於自己的良心，自己並不能因為對方出身高貴就貪戀別人的財物。\n\n故事到這兒並沒有結束。\n\n老貴族因為敬佩農民的善良與高尚，感念他的恩德，於是，決定資助農民的兒子到倫敦去接受高等教育。\n\n農民接受了這份饋贈，能讓自己的孩子受到良好的教育是他多年來的夢想。\n\n農民很快樂，因為他的兒子終於有了走進外面世界、改變自己命運的機會；老貴族也很快樂，因為他終於為自己的恩人完成了夢想。\n\n多年後，農民的兒子從倫敦聖瑪麗醫學院畢業了，他品學兼優，後來被英國皇家授勳封爵，並獲得1945年的諾貝爾醫學獎。\n\n他就是亞歷山大•弗萊明，青黴素的發明者。 \n\n那名貴族公子也長大了，在第二次世界大戰期間患上了嚴重的肺炎，但幸運的是，依靠青黴素，他很快就痊癒了。 \n這名貴族公子就是英國首相邱吉爾。\n\n農民與貴族，都在別人需要幫助的時候伸出了援手，卻為他們自己的後代甚至國家播下了善種。\n\n人的一生往往會發生很多不可思議的事情，有時候，我們幫助別人或感恩別人，卻可能冥冥之中有輪廻。\n\n原來，善意可以如此美妙 ...\n\n原來，善意可以如此接力般地傳遞 ...\n懂得感恩，自己心情好 ... 生活，原來如此美好！\n這就叫愛出者愛返，福往者福來，傳播正能量，擁有正思維！", "url": "https://cofacts.g0v.tw/article/AVvi-HLGyCdS-nWhuYgz"}