{"createdAt": "2019-06-26T09:22:40.533Z", "hyperlinks": "[object Object]", "id": "30xlzlqg6acuu", "reference": "LINE", "tags": [11], "text": "思念到極致是什麼感覺？（年度最感人的文章）\nhttps://youtu.be/DhXtgYUYiZk\n\n有人說，陪伴，是最長情的告白。那麼，等待，或許就是最極致的思念了吧。\n\n前幾天一部關於思念與等待的動畫短片刷爆朋友圈，故事簡單雖然，卻感人肺腑。片名《父與女》，豆瓣得分9.2分，並獲得了第73届奧斯卡金像獎最佳動畫短片獎。\n\n故事的開頭，是一對父女於秋日的傍晚，在林間小路騎著單車。\n\n他們來到了岸邊，父親將要渡河。\n\n似乎預感到了什麼，父親又折了回來，抱起了自己的小女兒。\n\n最後，父親還是乘著小船離開了，只剩女兒呆呆地望著他遠去的身影。\n\n沒想到，這一望，就是一輩子。\n\n父親再也沒有回來。可是女孩依舊每天來到岸邊，等待著她的父親。\n\n小女孩長大了，成了婷婷而立的少女。她依舊每天來到岸邊，父親的自行車也依舊停靠在樹下，就像剛離開時的那樣。\n\n不知道過了多久，父親的自行車已經消失不見，女孩也長大成了青年。她依舊像小時候那樣，每天來到岸邊，等待著她的父親。\n\n就算與閨蜜出遊，路過的時候，也依舊會駐足。\n\n不知過了多久，女孩終於找到了心上人。她不再自己一個人騎車，而是由她的男友騎車帶著她。\n\n女孩並沒有告訴男友關於她父親的事，他們經過岸邊的時候，沒有停下來，但她依然會轉頭瞭望。\n\n她結了婚，有了一雙兒女。這次，他們一家四口騎車來到河岸邊遊玩。\n\n丈夫望著河面百無聊賴，兒女在河邊嬉戲。而她卻伫立在岸上，眺望著遠方，就像小時候那樣。\n\n時光飛梭，女孩再也不年輕了，但卻依然會每天來岸邊等待父親。雖然，她知道永遠等不到了。\n\n也許是時間太久了，她發現，不知道什麼時候，河流已經乾涸，化為了灘塗。\n\n又過了很多年，女孩已經垂垂老矣，老到都騎不了車了。於是她推著自行車，像往常一樣，來到岸邊。\n\n她想把自行車停在岸邊，可是自行車也老了，甚至都立不起來。\n\n滄海桑田。當初的河流，如今已成了草原。\n\n於是，她决定穿過草叢去尋找父親。\n\n在草叢的中央，她發現了一艘沉船。那正是她父親的小船。\n\n她緩緩地走過去，撫摸著小船，輕輕地躺在小船裏，就像當初躺在父親的臂彎中一樣。\n\n在生命的最後時刻，她似乎聽見了自己父親的呼喚。\n\n她起身向那前方奔去。她歡快地跑著，越變越年輕，越變越小。\n\n終於，她見到了自己的父親。\n\n這個等待了一輩子的女孩，終於等到了那個久違的，溫暖的懷抱。\n\n影片結束了，但我的心情卻久久不能平復。雖然很殘酷，但我們都知道，女孩最後所見，只是她垂死之時的幻覺。她父親早在最初就已沉船身亡，她此後一生的等待都是徒勞無功的。\n\n也許，女孩也深知這一點。但她卻選擇相信父親還活著，終有一天會回來。並日復一日，年復一年地去岸邊守望。\n\n影片打動我們的，也正是這種思念的力量。之所以這種力量能够打動我們，是因為我們每個人，一定都有一個一直思念的人。\n\n最後，摘錄豆瓣的一句精彩短評：\n\n這，大概就是思念的極致了吧。", "url": "https://cofacts.g0v.tw/article/30xlzlqg6acuu"}