{"createdAt": "2019-06-07T09:37:43.588Z", "hyperlinks": "", "id": "8ai2uc5ta45j", "reference": "LINE", "tags": [3], "text": "一杯含糖飲料，抑制生長激素 2個小時！\n\n國中前，是孩子身高發育的黃金期，\n\n但是近年隨著手搖杯興起，\n\n孩子常喝的碳酸飲料、手搖杯、果汁等\n\n光是一杯300~500cc就會\n\n抑制生長激素 2個小時！\n\n若口渴，\n\n只能喝白開水與鮮乳，避免長不高\n\n孩子身高約7成來自於父母遺傳，\n\n大約是父母身高平均正負7公分，\n\n若是成長階段缺乏營養、激素等，\n\n可能造成O型腿、長不高等情形。\n\n 除了長不高，\n\n還可能造成肥胖、高血糖、O型腿...\n\n昨日董氏基金會記者會中，\n\n林口長庚醫院兒童內分泌暨遺傳科主任羅福松表示\n\n若喝含糖飲料後血糖升高，\n\n生長激素將會減少分泌，\n\n而不利幼童生長發育。\n\n孩子喝含糖飲料，除了可能長不高，\n\n還造成肥胖、高血糖等病症。\n\n \n\n董氏基金會 給家長的 5建議...\n\n \n\n1.每天喝 500~1000c.c.牛奶\n\n鮮乳富含鈣質、維他命D等營養，\n\n可以幫助孩子長高。\n\n \n\n2. 國中以前，每天晚上9點睡覺\n\n國中以前是孩子成長黃金期，\n\n睡眠時間應滿8~10個小時，\n\n因為每睡眠60到90分鐘\n\n生長激素會分泌一次，促進孩子成長。\n\n \n\n3. 曬太陽 10~20分鐘\n\n曬太陽能幫助身體鈣質吸收，\n\n每天應讓孩子曬10到20分鐘的太陽，\n\n面積約雙手手臂即可。\n\n \n\n4.每週運動 5次，每次20~30分鐘\n\n運動可以是跑步、騎單車、游泳等，\n\n可以幫助孩子骨骼發展。\n\n \n\n5. 遠離 含糖飲料 ！\n\n包括果汁、汽水、奶茶...等都算，\n\n若口渴，多喝白開水與鮮乳，\n\n避免長不高後悔終生。\n\n \n\n \n\n一杯含糖飲料，\n\n抑制「生長激素」分泌 2小時....\n\n這樣，你還敢讓 孩子多喝嗎？\n\n \n", "url": "https://cofacts.g0v.tw/article/8ai2uc5ta45j"}