{"createdAt": "2018-06-03T05:09:06.625Z", "hyperlinks": "[object Object]", "id": "11lm0vtog2pf5", "reference": "LINE", "tags": [13], "text": "慶祝中毒者粉專滿九十萬人，日本通上網卡特地推出限時50小時的九折活動！這次九折外，原本的毒友禮物還在，也就是說你可以選九折再折50元喔！\n\n活動時間：5月28日10PM~5月31日0AM 限時50小時 \n日本通的介紹\nhttps://linshibi.com/?p=10078 \n", "url": "https://cofacts.g0v.tw/article/11lm0vtog2pf5"}