{"createdAt": "2017-10-12T13:36:59.768Z", "hyperlinks": "[object Object],[object Object],[object Object],[object Object],[object Object],[object Object],[object Object]", "id": "AV8QzW96yCdS-nWhuhSQ", "reference": "LINE", "tags": [3], "text": "＂在日本，女性如果得子宮肌瘤，醫生不會馬上給她開藥治療，\n會建議她們回去換洗髮精沐浴乳，過半年再來複查，大多病情都會減至一半以上。\n因為日用品裡有一種叫經皮毒的東西使用40分鐘後直接抵達子宮和內臟”，所以洗護用品盡量選擇環保♻️安全的，很重要！遠離石化產品的危害  ‼️ ＂\n這是最近傳到小編LINE上的一段訊息\n\n你會注重食安，卻沒人注意我們周遭，我們和孩子們每天都在接觸的日常用品毒性。\n如果你還不瞭解經皮毒對身體的危害，妳也可能永遠搞不清楚那些不明的疼痛和無解的毛病從何而來，\n頭痛或偏頭痛、或每個月來都那麼痛、身體的莫名病變，出血、過敏、濕疹，各種奇奇怪怪的問題。\n\n由口腔進入體內的毒素，肝臟會把90%解毒，而由皮膚吸收的毒素，包含口腔內，卻排不到10%，其餘都會留在皮下組織中，儲存在脂肪中，也就是如果你每天使用的日用品含有化學成份，舊的毒素還沒排除體外，新的又會累積進來。\n\n你有想過嗎？這些成份如果真的絕對安全，為何需要限制使用量，有的限制只能放0.1%，有的只能放0.002%，為什麼不能多放，就是因為有毒性，所謂的安全用量，其實就是不會馬上出事的量，但長期造成的疾病，對不起，政府和這些日常用品品牌都沒有相關研究。\n\n有些專家或廠商會告訴你，這些成份都只有微量，很安全，但這些含微量的產品，我們每天用的不是只有一樣，而是從早到晚都有接觸，而且標準值也很寬鬆，累積一天的量也許不致於怎麼樣，但累積365天累積3650天，就會影響你的腦，你的精子，妳的生殖能力，妳的器官。而大腦大部份為脂肪，這些化學成份最容易溶於脂肪，而大腦傷害是沒有辦法逆轉的。\n\n這些微量經皮毒的產品。牙膏、洗髮精、沐浴乳、洗面乳、止汗劑、香水、化妝品、保養品、洗碗精、清潔劑、私密處洗劑，我們每天不是只用一樣，也不是一年才用一次，365天累積起來己經不微量了，使我們身上充滿了化學物質，尤其口腔和男女私密處用品，口腔和私處的經皮吸收率是最高，吸收的化學成份是其它部位的42倍，產品能不慎選嗎？\n\n您可以參考下面連結CNN影片，小朋友驗出來劑量還比成人高，即使小朋友的商品也無法倖免，甚至化學含量更高。\n\n如果妳有在關心周遭的朋友，妳會發現這幾年很多疾病的發生率都有年輕化的趨勢，而官方資料的顯示也是如此，\n\n目前論戰的兩派說法，一方會告訴妳這些化學成份很安全，不需要擔心，那只是商人恐嚇的手段。另一方卻告訴妳這些成份可能會對身體造成危險，盡量避免使用。\n\n應該選擇相信誰呢？\n\n相信這些成份真的危險，妳遠離了這些成份，不管真假，妳維護了妳的健康，\n但選擇相信這些專家所背書的化學成份安全，妳就必須以妳的健康做賭注，而且即使出了問題他們也不用為妳的健康負責任，因為通常很難找到證據，這些成份跟妳的健康有直接的因果關係，除了少數像嬌生滑石粉這種大量致癌的案例。\n\n而這些鼓吹化學成份無毒的專家或部份醫生，通常也都有一些背景，不是在幫保養品品牌代言，就是自己在經營保養品品牌。\n那些國際大型有機組織全都禁用的有毒成份，台灣的化工專家和部份皮膚科醫師告訴妳＂這些組織根本在危言聳聽，他們做的實驗都很片面不完整，其實這些成份很安全＂，原來這些台灣專家在成份上的專業度己經領先全球。\n\n怎麼去選擇，就看自己的智慧了。\n\n很多人都覺得ZOOCCi質物系是有機美妝網站。\n\n其實我們做的是選物，從一開始是為大家選出成份安全的物品，除了成份安全，使用起來，要比市面上的化學品還要好用，我們才會推薦。\n而經過一段時間的篩選，懂的愈多標準愈高，官網上就愈來愈多有機商品了。但不是有機商品我們就賣，原則上還是要好用才行。\n我們官網上的商品，都經過嚴格的商審，每件商品上架前花的時間平均都要月餘以上，這也是為什麼我們經營了四年，產品還是只有兩三百項。\n\n當然妳可以認為我們只是吹毛求疵挑骨頭，不過我們就是因為台灣黑心商品風暴，決定要給消費者一個買東西時不需要困惑的安全之地，才成立質物系。\n但如果妳本來就不會去擔心成份，想的是日子都過的苦哈哈了，反正短期用不會有問題就好，當然我們對妳就沒有特別意義。\n\n或是\n妳也可以換一下自己正在使用的日常產品，給這些成份安全的天然產品半年時間試試，看看能不能解決一些看病也看不好的問題。\n\n如果妳是會擔心這些日常生活的毒素對身體、家人和環境造成傷害的，歡迎妳加入質物系，為自己的生活和整體環境盡一分力。\n\n有機和安全的商品除了能保護自己，也包含了環境保護，是關心現在和我們的未來的產品\n- 瓶身都採可回收材質，不可使用塑膠，\n- 不能使用基改原料\n- 不能進行動物實驗\n\n這裡是質物系官網的成份政策，有我們的禁用成份標準\nhttps://goo.gl/qHxoUD\n\n經皮毒參考影片\n\n日本節目探討日常用品經皮毒\nhttps://www.youtube.com/watch?v=DOwZbkEVMws&t=689s\n\n57健康同學會經皮毒片段\nhttps://www.youtube.com/watch?v=WVm2xHekVgA&list=PLg2asoJbhHt5RgHk38e-3anR_JCPHFUJc&index=2\n\n健康NO1探討經皮毒\nhttps://goo.gl/SzVhBY\n\nCNN報導經皮毒，驗出18月大小朋友身上經皮毒是父母的2~3倍，主持人因經常化妝，身上塑化劑成份超標，化學專家說不會影響健康，科學家卻檢驗出會影響DNA生殖能力\nhttps://goo.gl/3xdD58\n\n化妝品的故事，以動畫讓你深入淺出瞭解日常用品毒性\nhttps://goo.gl/jmJAtB\n\n安全。有機。質物系\n美好生活的選物平台\nwww.zoocci.com", "url": "https://cofacts.g0v.tw/article/AV8QzW96yCdS-nWhuhSQ"}