{"createdAt": "2018-04-09T14:32:49.497Z", "hyperlinks": "", "id": "1t6yhya5ojpb7", "reference": "LINE", "tags": [3], "text": "每天一碗，真的可以再活100年\n效果驚訝！腎有多好，你就有多年輕！\n\n臉上的一切瑕疵以及衰老的痕跡，都是可以通過強悍的腎臟來抹去的，世界上唯一有能力讓時間扭轉、青春永在的最強有力的器官，就是腎臟。每天都堅持喝一碗粥，連續喝三個多星期，白頭髮不見了，皮膚變白皙和光滑，氣色比原來好!\n熬這個粥很簡單，愛惜自己的身體就花點時間⋯⋯和精力吧，把這個方子轉載過來，希望能給有緣的朋友帶來好處。\n\n黑豆（ 1小把） ，黑米（ 2把） ，黑芝麻（ 1小把）百合（ 10片）薏仁（ 3把）核桃（ 2个）大米（ 2把）红糖（适量）\n另外核桃也可以换成花生米。\n\n（以上是两个人的量）\n\n每天中午就把這些放碗裡泡好，晚上洗碗的時候就開始熬粥，大概10幾分鐘水變粘稠的時候就可以了，關火，蓋上蓋子悶。第二天早上加點水，放紅糖，熱兩分鐘就ok了！\n\n喝了這個粥三周多以後，手指甲的小月牙會變多，小孩子喝了以後，冬天臉上會變紅潤，身體變結實。\n\n好好收藏吧，留著有用。也請一定轉給你們的父母,你們的親朋好友，讓更多的人，健康，長壽！！！\n\n看完後別忘記分享哦，分享是一種美德，懂得分享的人，生活會越來越美好！", "url": "https://cofacts.g0v.tw/article/1t6yhya5ojpb7"}