{"createdAt": "2017-01-16T12:15:00.000Z", "hyperlinks": "", "id": "5510638001678-rumor", "reference": "LINE", "tags": [9], "text": "群組請注意，別人可以下載你Iine的頭像，然後把暱稱改為你的名字，再把你封鎖，然後可以完全的冒充你，其它人無從分別。所以不法份子利用這點，開始行騙，如果有人用我的頭像或名字借錢，那一定是假的，並請打個電話和我確認一下，看到這篇文章，不要猶豫，請馬上分享出去，朋友們一定要注意哦!(這是真的轉貼訊息)己經有很多人受騙，要小心哦!", "url": "https://cofacts.g0v.tw/article/5510638001678-rumor"}