{"createdAt": "2017-01-10T02:13:00.000Z", "hyperlinks": "", "id": "5479803071734-rumor", "reference": "LINE", "tags": [11], "text": "(shining heart)以上是一個年僅20歲的埃及人製作的4分鍾微電影，沒有一句台詞，卻感動了世界上不同文化種族的人，獲埃及盧克索電影獎。\n它告誡了我們：貧苦時該堅守什麼;富有時該如何做，沒有一句說教，卻勝過無數句說教！\n(love heart)(love heart)(love heart)(喜歡)", "url": "https://cofacts.g0v.tw/article/5479803071734-rumor"}