{"createdAt": "2017-01-27T03:46:00.000Z", "hyperlinks": "[object Object]", "id": "5560583401905-rumor", "reference": "LINE", "tags": [9], "text": "為確保LINE帳號之安全，切勿聽從指示，將4位數認帳碼隨意告知別人!!\n以下為詐騙常見的情境（用戶的親朋好友的LINE以外社群軟體帳號先被盜了。）\n歹徒（冒充用戶的好友麻吉/兄弟姐妹/爸爸媽媽/四姨婆/大堂哥等等）\n歹徒問：「我現在沒有你的手機號碼耶，可以再跟我說一次嗎？」\n用戶：喔好啊，09xx-388-92x（是那麼熟的人在問，誰會懷疑呢？）\n歹徒：「我現在手機有點問題，可以幫我在你手機收一下簡訊嗎？然後把簡訊裡的認證碼告訴我」（經典詐騙語錄出現！千萬不可以給！)\n用戶：我看一下喔，阿傳來了，是xxxx。（這時候你的LINE帳號就被壞人搶走囉）\n\n台灣LINE官方網站宣導聯結\nhttp://official-blog.line.me/tw/archives/68914342.html", "url": "https://cofacts.g0v.tw/article/5560583401905-rumor"}