{"createdAt": "2019-07-15T03:50:02.140Z", "hyperlinks": "", "id": "3re1hpxj4xmbk", "reference": "LINE", "tags": [15], "text": "台大法學院名譽教授賀德芬女士，於七月十三曰假「政經關不了」節目，再度慎重公佈：1.蔡英文沒有博士論文。2.蔡英文沒有畢業証書（只有一份僞迼証書於李忠志丶王定宇的臉書出現）3.蔡英文35年前讀博士班時沒有指導教授。4.蔡英文根本沒有在英國倫敦LSE正式畢業過。賀教授出示英國倫敦LSE學院簽發畢業證書辦公室主任正式來函指出：1.每位畢業生若遭遇很嚴重的畢業證書毀損或遺失，可以向學院要求再補發一份與原來的畢業證書一模一樣的年次丶研究科系以及同頒人的簽名，也就是說35年前頒發畢業證書的是A，補發的畢業證書絕對不會出現B的（2012-2018年）簽名情況，若有張冠李戴的現象都叫做僞造文書。賀教授為維護學術界的清白及尊嚴，更不忍台灣的學術界陷入黑暗期，她呼籲教育部丶政大丶東吳大學拿出當年蔡英文所交出的相關的學術證件，若不然如何信服苦讀出身的各界知識份子？！國家元首是如此的詐欺文武百官而登上總統之職，來日我們如何教導下代子孫，可怕及堪憂？！希望有良知的學術人士，共同關心此事件的嚴重性，這是關乎國家民族聲譽及學術命脈，祈禱天佑台灣！認清台灣目前正是賊子當家，難怪短短的三年半，蔡英文大胆到極致！不要臉到極點！為了2300萬人民的福祉，只有用選票唾棄民進黨，2020把惡魔蔡英文和民進黨的立法委員一併趕下台！祈禱天佑台灣！台灣人民加油💪！", "url": "https://cofacts.g0v.tw/article/3re1hpxj4xmbk"}