{"createdAt": "2017-08-19T16:47:36.390Z", "hyperlinks": "", "id": "AV37ZInIyCdS-nWhueiE", "reference": "LINE", "tags": [0, 15], "text": "當前我們國家的敵人到底是誰？\n\n轉載：\n(轉貼)不要再被XXX欺騙了 ！\n\n當前我們國家敵人到底是誰？ \n\n今天我們敵人好像不是對岸？ \n\n種種跡象顯示，就是身邊的民進黨 ！\n\n既然是敵人， \n應先要分析其 \n動機是什麼？ \n目的是什麼？ \n對我們有什麼威脅？ \n\n大家以為是台獨？ \n個人以為當前還不是， 而是正在台灣搞革命， 執政黨搞革命說來不可思議？ \n\n但事實上正步步進行中， 對外對人民統稱是改革， 革什麼？ \n\n就是革中華民國的命， \n推翻中華民國國號的招牌， \n宣布台獨會踩到中共底線， \n消滅中華民國則是擦邊球， \n比宣告台獨更安全 \n而且還有外國勢力支持介入？ \n（容後說明） \n\n目前對中華民國最有代表性 \n就是忠貞軍公教等公務人員， \n革命就是先破壞再建設， \n打掉舊勢力軍公教之後， \n再重新建立新秩序， \n為達到此目的必須 \n先切斷與中國血緣關係 \n\n1988年李登輝接任12年總統 \n2000年陳水扁接下8年總統 \n這20年期間 \n\n利用凍省，台灣本土化，學術自由， \n黨政退出媒體，軍訓退出校園， \n一邊一國，篡改歷史， \n醜化蔣公及經國先生， \n分化閩客原住民族群， \n製造省籍情結等等， \n以達到其政治目的 \n\n馬英九上任雖激起國人信心 \n但處事憂寡，用人欠當 \n造成親者痛仇者快 \n不但失去政權也重創國民黨 \n\n小英於2016獲得政權後 \n在黨內大佬及國會支持下 \n否認92共識，終止兩岸交流 \n國際上抱美親日仇中 \n甚至採取更激進措施 \n成立數個改革委員會 \n清算國民黨，清算軍公教 \n箝制教育司法及媒體 \n耗費國家資源鞏固選票 \n無視人民經濟生計困苦 \n\n政府歷經兩岸風雨飄搖 \n及國際孤立與能源危機 \n數十年整軍經武勵精圖治 \n所建立的上下一心與經濟奇蹟 \n全在這28年毀於一旦 \n年輕人收入則是20年前1/2 \n\n前文提到有外國勢力介入 \n\n筆者分析如下： \n最不願意兩岸和平是哪些國家 \n從國家戰略看應該是美日韓 \n中國國力日益壯大 \n2020年中國軍力將可力抗美國 \n第一島鏈若遭中國突破 \n將重創日韓經濟命脈 \n美國西太平洋戰略防線將失守 \n基於美日韓國家利益 \n決不樂見兩岸統一 \n由韓戰越戰中南美洲及中東 \n各地戰爭紛爭起源 \n都有M國介入來分析 \n只要影響M國國家利益 \n必然一定會干預介入 \n筆者大膽判斷 \n台獨及台灣民政府組織 \n也一定有該國實質介入 \n而且希望在2020前完成 \n當然該國一貫立場 \n官方絕不會承認 \n民進黨政府也不會承認 \n\n試問有哪個國家 \n允許民眾舉起他國國旗 \n訓練軍衛隊公開遊行 \n號稱自己是合法政府 \n有哪個國家允許 \n在護照上貼上其他國名 \n\n打擊軍隊士氣 \n分化官兵三信心 \n是民進黨智庫既定策略。 \n\n一旦事機成熟， \n民政府接收軍隊起事， \n小英政府樂觀其成， \n甚可推拖是人民起義， \n美日不但一推二五六， \n還可以公親事主介入， \n接受小英政府協助託管， \n成為夏威夷第二， \n讓中共措手不及， \n這就是台灣民政府， \n一直以來的策略目標。 \n\n要瞭解敵人動機， \n一定要站在對方立場， \n雖然聽起來匪夷所思， \n但是歷史的演變， \n永遠不是必然的， \n若然就沒有今天的歷史， \n\n雖然軍隊已國家化， \n但難保槍桿子不會掉頭， \n數十萬忠貞退役官兵， \n及軍隊倫理傳統猶在， \n是目前當權者所顧忌， \n\n因此在解決軍公教年金後， \n下一個目標應該就是軍隊， \n而且是先拿陸軍官校開刀， \n要斷絕與中國血緣， \n須先剷除黃埔軍校， \n沒有黃埔就沒有親愛精誠， \n拿下軍隊就吃了定心丸。 \n\n國軍改稱台灣防衛軍， \n而且會立即恢復徵兵， \n如果造成社會動亂， \n則即依法發佈戒嚴， \n恢復軍法審判制度， \n或許這是危言聳聽， \n作戰就是料敵從寬。 \n\n今天討論年金問題， \n一昧以自己立場出發， \n不易獲得社會支持， \n況且媒體已遭箝制， \n軍公教已失去優勢 ， \n一整年來的溝通開會陳抗， \n是不是應了一句成語， \n與虎謀皮 \n既然如此，是不是該改變策略了？ \n因應之道 請各先進賜教\n待續…….. \n(65年班張志雄)", "url": "https://cofacts.g0v.tw/article/AV37ZInIyCdS-nWhueiE"}