{"createdAt": "2017-02-17T13:11:00.000Z", "hyperlinks": "[object Object]", "id": "5661642048469-rumor", "reference": "LINE", "tags": [3], "text": "血壓消息： \n美國已正式規定：65歲以上標準血壓是150/90，80歲以上的正常老人，160甚至170也可以。\n多年來我們統統受過去著重醫療商業利益的老標準（不能超過120）的數字影響太大了，對60,70以上的老人造成極大不必要的高血壓心理負擔！\n從今起要更正被醫師教錯的觀念了。請看下列報導\n http://www.kmtusa.org/20320251053836427880/d328\n【結論】\n正常縮收壓：\n男性=82+年齡\n女性=80+年齡\n健康(正常)指標：\n實測縮收壓=正常縮收壓", "url": "https://cofacts.g0v.tw/article/5661642048469-rumor"}