{"createdAt": "2019-09-20T01:25:38.508Z", "hyperlinks": "", "id": "3auxzev4pgshq", "reference": "LINE", "tags": [12], "text": "深度好文\n有人問世界上最有錢的人比爾蓋茲：「世間有沒有人比你有錢？」\n蓋茲回答：「有啊，有一個人比我有錢。」\n然後他說了個故事。\n\n「當時我還沒有錢，也沒有名。\n我在紐約機場碰到一個賣報紙的小販。\n我想買份報紙，但口袋裡零錢不夠，所以決定不買了，就把報紙還他。\n我告訴他零錢不夠。\n\n小販說：『這份報紙免費送你。』。\n在他的堅持下，我拿了那份報紙。\n很巧的，兩三個月後，我抵達同一座機場，發現自己又零錢不夠買份報紙。那個小販又送我份報紙。\n我拒絕了，告訴他我零錢不夠。他說：『拿去吧，我從我的利潤裡拿出來和你分享的，沒有賠錢。』\n19年後，我出名了，大家都認識我。突然間我想起那個小販。\n我開始去找他，一個半月後，我找到他了。\n\n我問他：『你記得我嗎？』\n他說：『記得啊，你是比爾蓋茲。』\n『你還記得你免費送我報紙嗎？』\n『記得啊。我送你兩次。』\n我說：『我要回報你當時給我的幫助。你要什麼，只要告訴我，我就實現它。』\n\n小販回答：『先生，你不覺得這樣做不能和我給你的幫助相比嗎？』\n\n我問他：『怎麼說？』\n\n他說：『當我只是個窮小販時，我幫助了你。現在，你成為世界上最富有的人而試著幫助我，你的幫忙怎能和我的相比？』\n\n那時，我才體會到，那個小販比我富裕，因為他沒有等到自己有錢再來幫助、別人。」\n\n人們必須了解，真正富裕的人擁有富裕的心而不是許多錢。", "url": "https://cofacts.g0v.tw/article/3auxzev4pgshq"}