{"createdAt": "2018-05-17T11:37:01.994Z", "hyperlinks": "[object Object]", "id": "35nydx5axcgn", "reference": "LINE", "tags": [8, 10], "text": "盡一份力，可以擁有身體健康檢查表，又可有500塊錢的車馬費！\n\n【好康報報！中央研究院在做人體慢性病的研究，需要二十萬份的名額】\n\n條件是：本國人，\n三十至七十歲內，沒有癌症，空腹六小時抽血驗尿，就有五百元全家或是全聯或是7/11禮卷/儲值卡，現場給你喔！\n還有二週後會寄健康檢查表給我們耶！\n中研院為了建立台灣人體生物資料庫，探討疾病與環境因素的交互作用，招募30~70歲:共20萬名共襄盛舉：\n1.免費驗血驗尿，含糖化血色素及高密膽固醇，肺功能檢測，骨鬆檢測。\n2.檢測完提供早餐並補貼每人車馬費7-11儲值卡$500元，利人利己。\n快去報名~\n\nhttp://www.twbiobank.org.tw/new_web/index.php", "url": "https://cofacts.g0v.tw/article/35nydx5axcgn"}