{"createdAt": "2016-12-17T06:15:00.000Z", "hyperlinks": "[object Object]", "id": "5361869432285-rumor", "reference": "LINE", "tags": [3], "text": "日本新聞報導🔔\n在日本，女性如果得子宮肌瘤，醫生不會馬上給她開藥治療，會建議她們回去換洗髮精沐浴乳，過半年再來複查，大多病情都會減至一半以上。\n因為日用品裡有一種叫經皮毒的東西，使用40分鐘後直接抵達子宮和內臟，所以洗護用品盡量選擇環保♻️安全的，很重要！\n ‼️                                          日本經皮毒有關報導\nhttps://youtu.be/z6mJcFEurUM\n\n洗澡用正常的肥皂。不要用沐浴露或沐浴乳。它的活性界面剂，含有经皮毒。也要慎选洗发精。长期染发的人，容易得到膀胱癌，女性易得乳腺癌.血癌。", "url": "https://cofacts.g0v.tw/article/5361869432285-rumor"}