{"createdAt": "2018-11-30T01:51:45.744Z", "hyperlinks": "", "id": "1roqnxlhnjd91", "reference": "LINE", "tags": [13], "text": "明天SUBWAY買一送一\n\n為慶祝三明治節，全球連鎖速食店SUBWAY，每年10月中起陸續在世界各地舉辦World Sandwich Day世界三明治日慶祝活動，台灣今年首度參與，\n11/2將於全台門市推出「買1送1集氣吃堡優惠」，新竹高鐵店、台中高鐵店、左營高鐵店、桃園機場店及松山機場店除外。\n\n活動當天購買1個6吋潛艇堡加1杯冷飲，就送1個6吋潛艇堡，可選擇不同口味，以價格高者計價，但必須選同一種麵包，每人限買2組。SUBWAY更宣布10/31起，部分6吋潛艇堡口味降價，火腿及嫩切雞肉從95元降至93元，火雞火腿由105元降至99元，百味俱樂部、哈燒起司總匯都從115元調降為110元。因此11/2當天，不僅可以用較低的價格買到這些口味，還能享有買1送1優惠。", "url": "https://cofacts.g0v.tw/article/1roqnxlhnjd91"}