{"createdAt": "2019-10-31T16:21:41.580Z", "hyperlinks": "", "id": "2upex2lbz7m6a", "reference": "LINE", "tags": [11], "text": "淘寶的東西不要亂買...\n\n大陸賣家或報關行告知消費者，\n你的貨物卡在海關要委託書才能通關，\n當你提供了簽好名的委託書，\n以及身分證影本之後，\n下場就是..\n1.過一陣子你會收到公文要求到案說明或是罰單（低消都是數萬起跳），理由違法進口xxx，不實申報進口貨物xxx\n2.你的個資、空白委託書、身分證影本一直被不肖業者報關行盜用，每次有案件你就一直要去相關單位做說明\n\n請各位多注意！！！！", "url": "https://cofacts.g0v.tw/article/2upex2lbz7m6a"}