{"createdAt": "2018-05-05T07:26:31.589Z", "hyperlinks": "", "id": "3re29lkwc3jhk", "reference": "LINE", "tags": [11], "text": "请大家紧急祈祷。“为印度教会祈祷，昨晚20座教堂被烧毁。今晚仍想要摧毁200多座教堂在Olisabang省。他们想要杀死200传教士，在接下来的24小时所有基督徒都隐藏在村庄内....为他们祈祷,你知道这个消息发送给所有的基督徒。求主怜悯我们在印度的弟兄姐妹。“当你读此消息,请立即转发祈祷。请为22名传教士的家庭祈祷他们被伊斯兰教徒在阿富汗执行判决。请以最快的速度转发这个消息让更多的人参与祈祷! ! !我们教会弟兄祷告都哭了！中国有20多名基督徒在印度被捕。", "url": "https://cofacts.g0v.tw/article/3re29lkwc3jhk"}