{"createdAt": "2017-03-31T13:22:09.283Z", "hyperlinks": "[object Object],[object Object],[object Object],[object Object]", "id": "AVskh8UEtKp96s659DiA", "reference": "LINE", "tags": [3], "text": "只要上了年紀所有人都會面臨骨質疏鬆，然而，大多數人卻是患有骨質疏鬆仍毫不自知！請葉峻榳醫師來談談！(clap)\nhttps://www.careonline.com.tw/2017/03/Osteoporosis.html\n\n【樂活人生】\n對抗老人斑(2 stars)\nhttps://www.careonline.com.tw/2017/03/solar-lentigo.html\n\n你的累，皰疹都知道(rose)\nhttps://www.careonline.com.tw/2017/03/HSV.html\n\n「照護地圖快搜」找醫生，超方便！(love)\nhttps://www.careonline.com.tw/p/map.html", "url": "https://cofacts.g0v.tw/article/AVskh8UEtKp96s659DiA"}