{"createdAt": "2019-09-30T04:26:45.726Z", "hyperlinks": "", "id": "16xnw24n047e9", "reference": "LINE", "tags": [3], "text": "水果富含水溶性纖維、礦物質、維生素、花青素、類黃酮等抗氧化物，原本是個好東西。但可惜的是，現代的水果經過品種改良，大多太甜，所以只適合當餐跟餐中間的點心吃，不可吃過量。台灣女性最常見的脂肪肝的原因，不外乎是水果吃太多(果糖無法立即代謝-->轉化成三酸甘油脂-->內臟脂肪)，或麵粉、甜食、含糖飲料、珍奶等精緻澱粉類攝取過多。脂肪肝本身就會影響荷爾蒙代謝，如果再使用荷爾蒙製劑，這時容易雪上加霜，出現掉髮、乳脹、乳頭痛、忽冷忽熱、煩躁易怒、偏頭痛、乳房囊腫、身體痠痛、聲啞、頭痛、情緒低落、肥胖、冒痘痘、息肉、出血、肝功能異常等副作用。很多人使用荷爾蒙製劑後產生停不下來的出血，需要檢視自己是否有B肝、C肝、或脂肪肝等慢性肝臟疾患。", "url": "https://cofacts.g0v.tw/article/16xnw24n047e9"}