{"createdAt": "2017-12-11T10:50:06.884Z", "hyperlinks": "", "id": "AWBFMjamyCdS-nWhukwo", "reference": "LINE", "tags": [11], "text": "親愛的 Facebook會員，Facebook將於在3月15日關閉，因為它最近變得非常多人口。已經有很多議員抱怨說Facebook變得非常緩慢。記錄顯示，其原因是有許多擁有Facebook會員，並其，許多成員和假冒會員加入Facebook網站，為此我們需要獲得更多的空間。所以我們將發送此消息，看看周圍的成員是否正使用與否。如果你是仍然使用者，請使用Copy and Paste發送此文到至少15個其他用戶，說明你依然正在使用。* 那些不發送此消息者在兩個星期內毫無疑問將被刪Facebook的創始..記得要發給至少15位朋友喔!!!!!不然就會被刪掉了~大家要記得轉寄唷各位大大:要在3/15之前轉發,要不然你的帳戶即將被停用唷。這是真的呦～\n聊天室對話結束", "url": "https://cofacts.g0v.tw/article/AWBFMjamyCdS-nWhukwo"}