{"createdAt": "2019-10-01T03:53:52.090Z", "hyperlinks": "[object Object]", "id": "1zjs3u0gthgnz", "reference": "LINE", "tags": [8, 15], "text": "夭壽骨ㄛ～\n簡直是天下奇觀呀！\n\n陳菊市長：\n12年的高雄市長，\n算是一個漫長歲月...\n\n不但有豐厚的薪水，\n還有免費官邸可住，\n更有補助款可運用..\n\n高雄；養你12年，\n高雄；變成你的地盤\n高雄；尊你為女皇\n\n可是，\n你如何回報高雄？\n你如何回報高雄人？\n\n保麗龍充當污水管？\n污水管；\n是用甚麼做的？\n怎麼是用保麗龍做的？\n\n高雄楠梓區\n污水整建工程的水管\n竟然\n暴露出「保利龍管」\n\n3000億的負債，\n原來仍是「偷工減料」\n反正死的不是高雄市\n的高層權貴\n\n真正是夭壽骨喔！\n陳菊市長～\n請你告訴高雄人呀！\n\n\nhttp://www.youtube.com/watch?v=pe_i3D_ccqI", "url": "https://cofacts.g0v.tw/article/1zjs3u0gthgnz"}