{"createdAt": "2019-10-15T06:31:46.883Z", "hyperlinks": "", "id": "1vq5iic8mqpxv", "reference": "LINE", "tags": [3, 7], "text": "哈吉貝颱風在日本發威 造成40人死 百人傷 13萬人無家可歸  但最可怕的是 颱風把200袋 每袋1公噸的福島核存廢料 吹進太平洋造成嚴重的核輻射污染 至今只找到10袋 如此震驚的遠殤核料生態毒浩劫 所以記得告訴台灣的親戚朋友 最近一定不要吃\"海水魚”類別 為了自身和孩子的生命和性命 請記得多吃含鉀類高的\"甘橘類\"和蔬菜 謹此!", "url": "https://cofacts.g0v.tw/article/1vq5iic8mqpxv"}