{"createdAt": "2019-04-20T07:01:59.421Z", "hyperlinks": "[object Object],[object Object]", "id": "393ezpc3vs4df", "reference": "LINE", "tags": [3], "text": "(黑心陽春麵毒害南部20年，台南、高屏逾300家小吃攤中彈，網友怒斥：難怪洗腎的人那麼多)【快來看】│這篇文不錯分享給你看│ →   http://ezp93.com/p108324.asp      (黑心陽春麵毒害南部20年，台南、高屏逾300家小吃攤中彈，網友怒斥：難怪洗腎的人那麼多)  →好友分享→【LOVE分享】→ http://goo.gl/FzlJTV", "url": "https://cofacts.g0v.tw/article/393ezpc3vs4df"}