{"createdAt": "2019-09-17T00:08:37.176Z", "hyperlinks": "", "id": "2qb1my5bgl96s", "reference": "LINE", "tags": [3], "text": "太難找了！華佗流傳千年350帖養生古藥方...只發三天！千萬收好了！\n現在的人為了養生無所不用其極，特別是中老年人，常常讀了許多養生知識卻還是一頭霧水。以下是老祖宗們幾千年來總結的經驗，每一句都是精華。讀完你就會發現，養生其實就是這麼簡單！\n1、早喝鹽水如參湯，晚喝鹽水如砒霜。\n2、一日兩蘋果，毛病繞道過。\n3、一日一棗，長生不老。\n4、核桃山中寶，補腎又健腦。\n5、鐵不冶煉不成鋼，人不養生不健康。\n6、胡蘿蔔，小人參；經常吃，長精神。\n7、西紅柿，營養好，貌美年輕疾病少。\n8、小小黃瓜是個寶，減肥美容少不了。\n9、多吃芹菜不用問，降低血壓很管用。\n10、冬吃蘿蔔夏吃薑，不用醫生開藥方。\n千金難買的養生古藥方，太齊全了！ 小心收好！\n11、夏天一碗綠豆湯，解毒去暑賽仙方。\n12、晨吃三片姜，如喝人參湯。\n13、女子三日不斷藕，男子三日不斷姜。\n14、蘿蔔出了地，郎中沒生意。\n15、吃了十月茄，餓死郎中爺。\n16、三天不吃青，兩眼冒金星。\n17、寧可食無肉，不可飯無湯。\n18、飯前喝湯，勝過藥方。\n19、吃麵多喝湯，免得開藥方。\n20、早喝鹽湯如參湯，晚喝鹽湯如砒霜。\n21、寧可鍋中存放，不讓肚子飽脹。\n22、每餐留一口，活到九十九。\n23、常吃素，好養肚。\n24、寧可無肉，不可無豆。\n25、吃米帶點糠，營養又健康。\n26、早吃好，午吃飽，晚吃巧。\n27、暴飲暴食會生病，定時定量可安寧。\n28、吃得慌，咽得忙，傷了胃口害了腸。\n29、若要身體壯，飯菜嚼成漿。\n30、若要百病不生，常帶飢餓三分。\n31、有淚盡情流，疾病自然愈。\n32、丈夫有淚盡情彈，英雄流血也流淚。\n33、先睡心，後睡眼。\n34、藥補食補，不如心補。\n35、飯養人，歌養心。\n36、人有童心，一世年輕。\n37、笑一笑，十年少。\n38、笑口常開，青春常在。\n39、哭一哭，解千愁。\n40、性格開朗，疾病躲藏。\n41、涼水洗腳有損健康。\n42、夏季多吃苦味有益健康。\n43、多喝水能防腎結石。\n44、夏季不宜光著上身睡覺。\n45、冬季養生宜多食熱粥。\n46、冬季洗澡次數不宜多。\n47、冬季不宜長期待在溫暖房間。\n48、不宜長時間停留在冬季霧氣中。\n49、冬天不宜把圍巾當口罩用。\n50、冬天早晨不宜洗頭。\n51、健身前熱身活動很重要。\n52、運動損傷應\"冷\"處理。\n53、步行適量能使大腦更年輕。\n54、步行最有利於中老年人健康。\n55、深呼吸不利老年健康。\n56、老人晨練應先進食。\n57、運動後應喝杯牛奶。\n58、睡眠充足才有益健康。\n59、情​​緒不暢會導致胃病。\n60、手機貼膜會傷害眼睛。\n61、員工不宜在辦公室吃午餐。\n62、午睡有助於預防冠心病。\n63、不宜用沸水煎中藥。\n64、服中藥不宜加糖。\n65、不能用95%的酒精消毒。\n66、日照每天過三小時才算健康住宅。\n67、破損瓷磚輻射較大。\n68、臥室窗戶留縫有助於睡眠。\n69、清晨不宜開窗通風。\n70、熱水袋比電熱毯更益健康。\n71、不宜用塑料袋保存果蔬。\n72、筷子最好半年換一次。\n73、牙齦出血要盡快更換牙刷。\n74、正確刷牙比選擇牙膏重要。\n75、起床不宜馬上疊被子。\n76、曬被子不能拍打。\n77、空腹不宜喝蜂蜜。\n78、喝蜂蜜可解酒。\n79、中醫講究早喝鹽水晚喝蜜。\n80、素食為主更適合中國人。\n81、海帶可預防高血壓。\n82、涼水洗臉好處多。\n83、刷牙宜用溫水。\n84、洗腳宜用熱水。\n85、腳寒容易感冒。\n86、幹嚼食物可防止大腦老化。\n87、上午曬太陽有利於冬季健康。\n88、翹二郎腿會影響健康。\n89、戴帽子不宜過緊。\n90、常梳頭有益健康。\n91、長時間微笑和利健康。\n92、強忍淚水等於慢性自殺。\n93、小便時咬緊牙齒有益健康。\n94、打噴嚏時不能摀嘴。\n95、早晨一杯水很重要。\n96、白開水超過三天不能喝。\n97、每天一杯咖啡好處多。\n98、咖啡要趁熱喝才好。\n99、酒後喝咖啡易發高血壓。\n100、喝下午茶有益增強記憶。\n101、綠茶有益防治肝炎肝癌。\n102、胖大海泡茶不宜長期飲用。\n103、感冒不宜喝苦丁茶。\n104、不應用保溫杯喝茶。\n105、晚飯後兩小時飲用酸奶最佳。\n106、不宜空腹喝酸奶。\n107、喝完牛奶應喝口白開水。\n108、常喝豆漿更健康。\n109、豆漿不應與紅糖雞蛋同飲。\n110、白酒不宜代替料酒做菜。\n111、吃海鮮不宜喝啤酒。\n112、魚刺卡喉不宜醋療。\n113、膽固醇高者少吃魷魚。\n114、海蜇皮能治高血壓。\n115、食肉過多對身體有害。\n116、骨折初期不宜喝骨頭湯。\n117、燉雞湯不要先放鹽。\n118、發燒時不宜食用雞蛋。\n119、茶葉蛋不宜多吃。\n120、剛出爐的麵包不宜馬上食用。\n121、饅頭比米飯更益補鋅。\n122、煮粥和燒菜不能放鹼。\n123、粽子的營養全面。\n124、飯菜不宜\"趁熱吃\"。\n125、多吃黑色食物可以補腎\n126、多吃玉米好處多。\n127、不宜吃開口的糖炒板粟。\n128、多食核桃有益心臟。\n129、花生具有抗衰老作用。\n130、常吃花生可預防膽結石。\n131、常吃生花生可治胃病。\n132、醋泡花生可以軟化血管。\n133、西瓜不宜長時間存放冰箱。\n134、吃葡萄有利於護肝。\n135、吃草莓有助於防止輻射。\n136、甘蔗被稱為\"補血果\"。\n137、蘋果營養全面。\n138、蘋果可降血壓，降脂肪含量，保護前列腺，預防肺癌。\n139、紅棗有增強肌體免疫力的作用。\n140、山楂易致胃結石。\n141、腎病不宜食楊桃。\n142、香蕉是廉價減肥藥。\n143、菠蘿可以護胃。\n144、芒果保健作用大。\n145、爛水果不爛部分也有毒。\n146、水果不如蔬菜有營養。\n147、木瓜可增加胃腸動力。\n148、蘆薈能緩解亞健康。\n149、胡蘿蔔有降血壓作用。\n150、胡蘿蔔下酒會中毒。\n151、蘿蔔白菜不應混吃。\n152、人參和蘿蔔不能一起吃。\n153、西蘭花營養價值高。\n154、香椿渾身是藥是寶。\n155、香椿需用開水燙。\n156、多吃番茄可防曬傷。\n157、泡髮乾長香菇最好使用溫水。\n158、吃飯應先吃青菜後吃肉。\n159、常吃大白菜好處多。\n160、韭菜可補腎助陽。\n161、茄子有益降低膽固醇。\n162、洋蔥可保護血管。\n163、做菜勾芡有助保護腸胃。\n164、黃瓜，西紅柿不能一起吃。\n165、豆芽一定要炒熟吃。\n166、飯前不宜吃西紅柿。\n167、山藥是冬季滋補佳品。\n168、豆腐吃多對身體有害。\n169、油炸臭豆腐不利健康。\n170、紅薯葉是寶。\n171、紅薯有了黑斑不能吃。\n172、日常飲食應少吃胡椒。\n173、多食味精影響視力。\n174、多吃鹽會使血壓升高。\n175、乾海帶長時間浸泡才能除砷。\n176、海帶不是越\"綠\"越好。\n177、黑木耳補鐵效果最好。\n179、香油更適合中老年人吃。\n180、腐竹在豆製品中營養價值最高。\n181、枸杞能\"強精壯體\"。\n182、當歸能增強腸胃吸收。\n183、天麻燉雞不可取。\n184、男人不宜趴著睡。\n185、飯後吸煙危害更大。\n186、孩子厭食多吃醋。\n187、兒童常吃麵包好。\n188、使用筷子能促進幼兒神經發育。\n189、學生不宜補償式晚餐。\n190、兒童不宜多用魚肝油。\n191、果味維C不能讓兒童當糖吃。\n192、早餐吃燕麥有助於記憶。\n193、鼻子出血時不要抬頭。\n194、兒童開燈睡覺患癌率增大。\n195、打乒乓球可預防兒童近視。\n196、兒童不可多吃山楂片。\n197、兒童吃糖多了愛發脾氣。\n198、兒童喜食甜食容易體弱。\n199、幼兒不宜經常服用止咳糖漿。\n200、遊戲對幼兒心理髮展很重要。\n201、白天需要讓寶寶運動多一些。\n202、幼兒服藥時要多喝水。\n203、給孩子餵藥不能用牛奶。\n204、彩色T卹更能抵擋陽光。\n205、浴後不宜立刻化妝。\n206、曬後不能用熱水洗臉。\n208、束腰過緊可引發痔瘡。\n209、吸煙也會傷胃。\n300、不含尼古丁的香煙仍有害。\n301、飲了空腹茶，疾病身上爬。\n302、喝茶不洗杯，閻王把命催。\n303、盡量少喝酒，病魔繞道走。\n304、戒菸限酒，健康長久。\n305、飯後一支煙，害處大無邊。\n306、多吃鹹鹽，少活十年。\n307、甜言奪志，甜食壞齒。\n308、吃藥不忌嘴，跑斷醫生腿。\n309、欲得長生，腸中常清。\n310、多喝涼白開，健康自然來。\n311、若要不失眠，煮粥加白蓮。\n312、心血氣不足，桂圓煨米粥。\n313、蘿蔔小人參，常吃有精神。\n314、常吃蘿蔔，不用醫生開藥方。\n315、常吃蘿蔔常喝茶，不用醫生把藥拿。\n316、吃蘿蔔，喝熱茶，郎中改行拿釘耙。\n317、九月九，大夫抄著手，家家吃蘿蔔病從哪裡有？\n318、蘿蔔抗癌，降福消災。\n319、蘿蔔纓子不要錢，止瀉止痢賽黃連。\n320、蘿蔔、乾薑、梨，治咳有效又便宜。\n321、多吃芹菜不用問，降低血壓喊得應。\n322、黃瓜鮮脆甜，常吃美容顏。\n323、吃了十月茄，餓死郎中爺。\n324、多吃紫茄煮米飯，黃疸肝炎好得快。\n325、多吃番茄營養好，貌美年輕疾病少。\n326、胡蘿蔔，小人參，常吃長精神。\n327、紅蘿蔔，顯神通，降壓降脂有奇功。\n328、韭根韭葉，散瘀活血。\n329、鹽醋防毒消炎好\n330、青龍白虎湯，喉病保安康。（俗謂橄欖是治喉病的“青龍”，蘿蔔是治喉病的“白虎”）\n331、包飯用荷葉，清香又解熱。\n332、鮮藕止血，熟藕補血。\n333、女子三日不斷藕，男子三日不斷姜。\n334、紅棗芹菜根，能降膽固醇。\n335、紅棗黃芪湯，補血養氣好效方。\n336、酸棗加白糖，安眠幫大忙。\n337、核桃山中寶，補腎又健腦。\n338、常把核桃吃​​，潤膚黑髮須。\n339、早晨喝杯淡鹽湯，勝過醫生去洗腸。\n340、一日不吃薑，身體不安康。\n341、姜開胃，蒜敗毒，常吃蘿蔔壯筋骨。\n342、冬天一碗薑糖湯，去風去寒賽仙方。\n343、冬有生薑，不怕風霜。\n344、一天吃點棗，氣壯身體好。\n345、晨吃片姜，賽過人參鹿茸湯。\n347、夏天一碗綠豆湯，解毒去暑賽仙方。\n348、平常綠豆芽，通便催奶下。\n349、赤豆利臟腑，祛毒又滋補。\n350、熱天一塊瓜，強如把藥抓。\n\n千金難買的養生古藥方，太齊全了！ 小心收好！\n養生三字經，閒時念一念\n\n氣血虛，吃荔枝\n葡萄甜，補血源\n要潤膚，櫻桃補\n常吃棗，不顯老\n燕麥湯，皮膚光\n食蜂蜜，皮膚細\n洋蔥好，防流腦\n枇杷果，治咳嗽\n銀耳燴，能清肺\n椰子果，清肝火\n吃苦瓜，胃火下\n柿子霜，治舌瘡\n吃芝麻，養頭髮\n要安神，吃棗仁\n吃山藥，益補脾\n吃百合，益補肺\n要健腦，吃核桃\n吃蘋果，益補腎\n清晨起，莫慌忙\n伸伸懶腰再起床\n溫開水，喝半杯\n血脈通暢最寶貴\n吃早餐，很重要\n宜早更要營養好\n午飯後，睡一覺\n自我調節減疲勞\n晚餐少，宜清淡\n有利健康和睡眠\n晚飯後，散散步\n身心放鬆舒。\n望您儲藏～", "url": "https://cofacts.g0v.tw/article/2qb1my5bgl96s"}