{"createdAt": "2019-09-05T07:54:49.204Z", "hyperlinks": "", "id": "2f2u7neujyuq8", "reference": "LINE", "tags": [12], "text": "原價一盒290元\n（一組為一筆單）\n\n1組4盒1030元 平均258元\n1組6盒1470元 平均245元\n1組8盒1910元 平均239元\n1組10盒2350元 平均235元\n1組12盒2790元 平均233元\n1組24盒5468元 平均228元\n\n廠商說湊滿60盒成團，每一筆訂單都免費宅配，我還差10盒成團，大部分的人都訂1組6盒的，你要跟我一樣嗎？", "url": "https://cofacts.g0v.tw/article/2f2u7neujyuq8"}