{"createdAt": "2017-12-05T05:36:56.946Z", "hyperlinks": "", "id": "AWAlLVhzyCdS-nWhukVJ", "reference": "LINE", "tags": [8], "text": "臺灣有這麼好的制度、多利用喔！\n警署的新服務:\n\n請女兒們一定要記得：\n以後坐計程車 記得在上車前 一定要先用手機撥 850 +計程車的車牌號碼（英文不必打）\n例如車牌號碼是TP1234，妳只要撥8501234，再按發射鍵即可。\n這是警政署新開通的婦女免費保護專案。\n\n妳只要按 850 + 計程車的車牌號碼，GPS就會一路保護妳 到妳下車為止！\n請多寄發給太太、女兒、姊妹女性朋友們喔", "url": "https://cofacts.g0v.tw/article/AWAlLVhzyCdS-nWhukVJ"}