{"createdAt": "2019-11-08T10:49:09.840Z", "hyperlinks": "[object Object]", "id": "32mk3xivn1n5a", "reference": "LINE", "tags": [15], "text": "黨國臥底的最後一塊拼圖現形\n\n我就曾評論民進黨成立時和美麗島事件與辯護律師，黨國派有半數以上臥底幹部。\n\n也曾說蘇貞昌有如小英的小漢。\n\n果然，她是1973蘇的蔡老闆小千金，形同少主，蘇伍的屏東縣長之爭是網內互打的表演戲。\n\n於2006黨國臥底許謝蔡卓和新蘇連連祙參與倒扁下，在黨國雙英的一搭一唱，修改初選和國會分贓同流合污下，民進黨已逐漸被有黨國勾搭背景的英派新系把持而回歸黨國手掌心了。\n\n\n松箴 2019/11/7\n\n\n童溫層評1973/9/23台北市長張豐緒成立屏東同鄉會的理事名單，蔡潔生為理事長，伍錦霖總幹事，同時26歲的蘇貞昌律師(和扁一樣厲害青年才俊?)和伍澤元同為理事。\nhttps://youtu.be/SnSxxcTlK0M", "url": "https://cofacts.g0v.tw/article/32mk3xivn1n5a"}