{"createdAt": "2019-04-15T12:39:07.188Z", "hyperlinks": "", "id": "1yu5ermv9sgtc", "reference": "LINE", "tags": [15], "text": "劉家昌的po文\n\n在民進黨口中，一國兩制的香港是監牢鐵幕。\n當我們親眼看到，香港機埸迎接韓國瑜飄起中華民國國旗。\n民進黨和三立名嘴的謊言不攻自破。 \n再看香港成報攻擊中共的言論。\n才知道什麼叫民主，什麼叫言論自由。\n我本來是誓死反對一國兩制，捍衛中華民國的人。\n但看到民進黨蔡英文的作為，我開始懷疑。 \n一個替台灣人民找錢回來的韓國瑜。\n一個花台灣人民錢出去的蔡英文。\n結果找錢回來的被罰款。\n報導韓國瑜的媒體也被罰款。\n這算什麼民主自由，能跟一國兩制的香港比嗎？ \n中華民國，有總統府，五院八部，海陸空三軍會眼看著國家被一個小市長賣掉嗎？\n台灣多少錢一斤，怎麼賣法？\n民進黨低俗的挑撥還有人會信嗎？ \n你們是一群死人嗎？\n蔡英文你宣誓効忠中華民國，然後說中華民國過去了，你沒有誠信。\n上台第一句話是兩岸維持現狀，現狀是涵蓋九二共識。\n睜眼説謊。接著就清算鬥爭。 \n國民黨已經垮了，還不放過。\n成立東廠趕盡殺絕，選舉是人民一票一票投出來的。\n你竟用你的權利，讓敗選，你的人。\n倒過來管這些傑出的勝出者。這種沒有公平、沒道理極權的執政是民進黨的民主嗎？ 看到一個貪污犯陳水扁，保外就醫張狂的在電䅐上罵人，台獨類都有特權。\n拿中華民國司法當糞便，司法的白內障們，該睜睜眼了。\n陳水扁說韓國瑜當總統。老共就打過來了，說反了，臺獨當選才會打過來的，\n韓國瑜賣了台就不會打了，不是嗎？ \n阿扁你病了。你們父子一個偷錢，一個偷人。别再鬧了。\n我只能說你是我們台灣人的恥辱，該回去了，跟你一類的NCC、陸委會，一些東廠奴才，不知廉恥的效忠太后，看不下去了，該換人了。 \n你們對韓國瑜的攻擊是白費。 \n人民都長了眼，看到誰在為人民，誰在消費人民，誰有資格競選中華民國的總統。", "url": "https://cofacts.g0v.tw/article/1yu5ermv9sgtc"}