{"createdAt": "2019-07-31T11:32:51.546Z", "hyperlinks": "[object Object]", "id": "3mz0bygnhi5do", "reference": "LINE", "tags": [3], "text": "比水還要便宜的低價醬油？是真是假？\n我們在全台灣所有的飲食店，餐廳，小吃店，飯店，吃魯肉飯，醬油膏，超市買回來的平價醬油，妳都吃了嗎？ 恭喜！90%的台灣人都中獎了！\n為什麼那麼多洗腎者？為什麼那麼多的白血病患者？甜味劑？吃喜酒，生日宴，每一道菜只要有加醬油全部都中標了！\nhttps://youtu.be/nvqA8xJFarw", "url": "https://cofacts.g0v.tw/article/3mz0bygnhi5do"}