{"createdAt": "2019-07-05T10:24:16.776Z", "hyperlinks": "", "id": "2ix63guamvgex", "reference": "LINE", "tags": [11], "text": "不可思議！是巧合？還是真有其事？中美交鋒以貿易戰為序曲拉開帷幕。G20之後，特朗普由先強後弱呈現退縮。唐朝詩聖杜甫早在一千多年前就有預言，看他的“月食“一詩便明瞭：\n\n    朗月黑光壓山近\n    普世紅塵染海平\n    狂犬沸吠天猶大\n    敗暮殘雲風自贏\n\n藏頭就是：朗普狂敗。\n尾字為：近平大贏。", "url": "https://cofacts.g0v.tw/article/2ix63guamvgex"}