{"createdAt": "2017-03-21T14:38:38.047Z", "hyperlinks": "[object Object]", "id": "AVrxTjHgtKp96s659CxS", "reference": "LINE", "tags": [0, 15], "text": "內容是：【李登輝好厲害】維基解密：蔡英文為李登輝墮過胎日前，維基解密網站披露，1995年6月，李登輝以「個人身份」訪問美國，在美國康奈爾大學演講時極力鼓吹台獨，遭到海內外強烈聲討。在李登輝四面楚歌之際，時任台灣「行政院公平交易委員會」委員的蔡英文雪中送炭，撰文《李總統訪問美國康奈爾大學時的兩岸分治演講客觀公正》，極力為李登輝的台獨言論辯護，備受李登輝賞識。李登輝視蔡英文為「私人秘書」，時不時地召蔡英文到其辦公室、酒店等各種場所。據維基解密網站統計，從1995年6月到1996年12月，僅一年半的時間，李登輝召蔡英文多達7次。1996年8月，時年40歲的蔡英文「就醫」台灣嘉義基督教醫院，醫方記錄，蔡英文打胎，時年72歲高齡的李登輝前去探望。1997年10月，蔡英文「就醫」台灣聖保祿醫院。醫方記錄，蔡英文再次打胎，時年73歲的李登輝再次前去探望。監控錄像顯示，蔡英文每次到醫院去「就醫」，始終都有「總統府」人員始終陪同、陪護、看望、探望。維基解密，蔡英文兩次「就醫」，其實都是為李登輝打胎。\n\n\n\n\n\n\n\n雖然PK小編和大家一樣唾棄「台獨」，也不希望蔡英文和李登輝一樣誤入歧途，甚至狼狽為奸，但是，謠言止於智者，我們有《反分裂國家法》，我們有強大的社會民意，不需要靠捕風捉影的謠言來反「台獨」。\n\n台灣同胞是我們的骨肉天親，反「台獨」不是反台灣同胞。理性反「台獨」，理性愛國，更是成熟社會公民應有的態度。\n\n\n原文網址：https://read01.com/4QRonR.html", "url": "https://cofacts.g0v.tw/article/AVrxTjHgtKp96s659CxS"}