{"createdAt": "2019-05-02T09:20:19.000Z", "hyperlinks": "[object Object]", "id": "1bffcsjm7cgpv", "reference": "LINE", "tags": [15], "text": "痛心！臉書為何離開臺灣？ 蘇煥智透露秘辛 賴清德該負責\n\n前台南縣長蘇煥智今天在臉書發文指出，臉書原本想在台南科學園區旁建立雲端數據中心，但被當時台南市長賴清德嫌太耗電，且賴也不願意協助其取得百分之百綠電。臉書因電力不足放棄台南後曾想移到彰化，但賴又升到中央當行政院長，臉書至此完全絕望，將亞洲數據中心轉往新加坡。這麼好的發展智慧軟體的機會，卻讓臉書離開台灣，令人痛心。\n\nhttps://www.chinatimes.com/realtimenews/20190430003907-260407", "url": "https://cofacts.g0v.tw/article/1bffcsjm7cgpv"}