{"createdAt": "2019-12-28T23:46:35.359Z", "hyperlinks": "", "id": "d81jtwvzm7os", "reference": "LINE", "tags": [16], "text": "急募O型，RH陰性血液\n\n來自好人會館榮墩的消息 敬請大家轉發，請求幫忙\n\n一直守護新城秀林地區的新城天主堂瑞士籍戴宏基神父，上周工作時從樹上摔落。從送進加護病房急救迄今，即將進行第三次手術。\n需要O型，RH陰性血液。\n請大家幫忙轉發消息，並請有這種血液的朋友，挽起袖子盡快前往花蓮捐血站捐血救人。\n\n戴神父目前仍在花蓮八零五醫院救治，即將進行第三次手術。\n戴神父民國四十年代抵達花蓮服務教友。創建新城天主堂。同時致力於教堂所在的新城神社的保護工作，經常親力親為。\n是新城神社與天主堂文化資產最重要的守護者。\n今天捐血，星期一可用。\n後續行動會由醫院與捐血中心進行。\n\n如果您或您的朋友血液是O型，RH陰性，請盡快幫忙。\n捐血位置\n花蓮捐血站\n花蓮市中山路一段170號\n電話：03 856 0990\n\n好人會館 榮墩0987362780 純敏0920463995 同時也是賴手機搜尋", "url": "https://cofacts.g0v.tw/article/d81jtwvzm7os"}